lr,train_last_loss,val_loss,val_qwk
0.010083394706318834,1.3304801812538734,2.6044191122055054,0.07643312101910837
0.03365131304967388,1.8233609016125019,4.189095306396484,-0.08815426997245157
0.011723745912273788,1.2775274927799518,2.403614616394043,-0.03420195439739415
0.01786550451211595,1.3659986486801734,2.3711549043655396,0.0
0.09061975007781001,1.5823611387839684,8.576589012145996,0.0
0.010073401825153074,1.116554461992704,2.636725163459778,0.11764705882352944
