{
  "lr": 0.03365131304967388,
  "train_last_loss": 1.8233609016125019,
  "val_loss": 4.189095306396484,
  "val_qwk": -0.08815426997245157
}