{
  "lr": 0.01786550451211595,
  "train_last_loss": 1.3659986486801734,
  "val_loss": 2.3711549043655396,
  "val_qwk": 0.0
}