{
  "lr": 0.09061975007781001,
  "train_last_loss": 1.5823611387839684,
  "val_loss": 8.576589012145996,
  "val_qwk": 0.0
}