{
  "lr": 0.010073401825153074,
  "train_last_loss": 1.116554461992704,
  "val_loss": 2.636725163459778,
  "val_qwk": 0.11764705882352944
}