{
  "lr": 0.010083394706318834,
  "train_last_loss": 1.3304801812538734,
  "val_loss": 2.6044191122055054,
  "val_qwk": 0.07643312101910837
}