{
  "lr": 0.011723745912273788,
  "train_last_loss": 1.2775274927799518,
  "val_loss": 2.403614616394043,
  "val_qwk": -0.03420195439739415
}